{
  "RF": {
    "n_estimators": 929,
    "max_depth": 7,
    "min_samples_split": 18,
    "min_samples_leaf": 10,
    "max_features": null,
    "bootstrap": true
  },
  "DT": {
    "max_depth": 6,
    "min_samples_split": 27,
    "min_samples_leaf": 15,
    "max_features": null,
    "criterion": "squared_error",
    "splitter": "random"
  },
  "ADA": {
    "n_estimators": 465,
    "learning_rate": 0.010378531663638483,
    "loss": "exponential",
    "estimator__max_depth": 3,
    "estimator__min_samples_leaf": 3
  },
  "GB": {
    "n_estimators": 1195,
    "learning_rate": 0.012808092604991444,
    "subsample": 0.7144759679129247,
    "max_depth": 4,
    "min_samples_split": 18,
    "min_samples_leaf": 3,
    "max_features": null,
    "loss": "absolute_error"
  },
  "XGB": {
    "n_estimators": 1422,
    "learning_rate": 0.026771666675620247,
    "max_depth": 8,
    "subsample": 0.6712117716537349,
    "colsample_bytree": 0.802184710228052,
    "min_child_weight": 2.9137166836903803,
    "reg_lambda": 14.825695228013316,
    "reg_alpha": 1.1432643442135348,
    "gamma": 0.45457864581258844,
    "tree_method": "hist",
    "eval_metric": "rmse"
  },
  "LGBM": {
    "n_estimators": 1686,
    "learning_rate": 0.028727124449947156,
    "num_leaves": 16,
    "max_depth": 6,
    "min_data_in_leaf": 56,
    "subsample": 0.9045202334325059,
    "colsample_bytree": 0.7146934002298726,
    "reg_lambda": 3.718297832868176,
    "reg_alpha": 2.4531814510107286
  },
  "MLP": {
    "hidden_layer_sizes": [
      256
    ],
    "activation": "relu",
    "alpha": 0.0063435310227317075,
    "learning_rate_init": 0.005445399472333388,
    "learning_rate": "constant",
    "early_stopping": true,
    "max_iter": 2000,
    "validation_fraction": 0.15,
    "n_iter_no_change": 30
  }
}