{
  "RF": {
    "n_estimators": 550,
    "max_depth": 18,
    "min_samples_split": 13,
    "min_samples_leaf": 4,
    "max_features": "sqrt",
    "bootstrap": false
  },
  "DT": {
    "max_depth": 11,
    "min_samples_split": 3,
    "min_samples_leaf": 9,
    "max_features": null,
    "criterion": "friedman_mse",
    "splitter": "random"
  },
  "ADA": {
    "n_estimators": 240,
    "learning_rate": 0.018244729896490803,
    "loss": "square",
    "estimator__max_depth": 6,
    "estimator__min_samples_leaf": 1
  },
  "GB": {
    "n_estimators": 1528,
    "learning_rate": 0.026401356102162776,
    "subsample": 0.8518681264238112,
    "max_depth": 10,
    "min_samples_split": 10,
    "min_samples_leaf": 14,
    "max_features": "log2",
    "loss": "absolute_error"
  },
  "XGB": {
    "n_estimators": 931,
    "learning_rate": 0.013504095150606117,
    "max_depth": 9,
    "subsample": 0.8930405614466885,
    "colsample_bytree": 0.9004268666750797,
    "min_child_weight": 6.52622830326495,
    "reg_lambda": 13.691288934169698,
    "reg_alpha": 0.5205279708458488,
    "gamma": 0.38910368058510303,
    "tree_method": "hist",
    "eval_metric": "rmse"
  },
  "LGBM": {
    "n_estimators": 879,
    "learning_rate": 0.02801590089202884,
    "num_leaves": 2048,
    "max_depth": 13,
    "min_data_in_leaf": 12,
    "subsample": 0.8438849818784311,
    "colsample_bytree": 0.7459658270588424,
    "reg_lambda": 15.109454017440537,
    "reg_alpha": 2.996105179871067
  },
  "MLP": {
    "hidden_layer_sizes": [
      64,
      64
    ],
    "activation": "relu",
    "alpha": 0.00026764797579648645,
    "learning_rate_init": 0.003094782098617028,
    "learning_rate": "constant",
    "early_stopping": true,
    "max_iter": 2000,
    "validation_fraction": 0.15,
    "n_iter_no_change": 30
  }
}